mes_ano,distancia_total
2022-06,3035.130000000001
2022-12,2634.520000000001
2022-10,2946.860000000001
2022-08,4209.799999999998
2022-11,2553.040000000001
2022-07,3877.0899999999992
2022-09,2865.380000000001
