mes_ano,distancia_total
2022-12,7407.940000000005
2023-01,4603.580000000003
