mes_ano,distancia_total
2023-01,1971.1999999999985
2022-12,3658.739999999992
