mes_ano,distancia_total
2022-06,887.0400000000002
2022-10,766.08
2022-11,564.48
2022-09,1249.92
2022-08,1249.9200000000003
2022-07,604.0500000000001
2022-12,1008.0
