mes_ano,distancia_total
2022-11,563.64
2022-07,603.9
2022-09,1248.06
2022-08,1248.06
2022-10,764.9399999999999
2022-06,885.7199999999999
2022-12,966.2399999999999
